item,itemLabel,startDate,endDate,psid
Q108892347,Malek Zahi,2021-10-11,,Q108892347-9831F2DE-819F-428E-815C-56F0E5F9F1F3
Q1363916,Hédi Baccouche,1987-04-04,1987-11-07,Q1363916-6F66AF81-E18D-4CDB-A2C3-4CD10C290A4E
Q16802173,Ahmed Ammar Younbaii,2014-01-29,2016-01-12,Q16802173-BD509F0F-D2C9-46FB-9C83-5D8BA913737F
Q20423358,Mahmoud Ben Romdhane,2016-01-12,2016-08-27,Q20423358-CB46FD7F-7CDC-4657-8D08-B68B3BAEBD1B
Q27179077,Farhat Dachraoui,1971-10-29,1974-01-14,Q27179077-1D99F666-7EDF-49A9-A714-4B6D813665E5
Q28105062,Mohamed Trabelsi,2016-08-27,2020-02-27,Q28105062-24A28501-379A-4B02-A117-ADCF49C7022E
Q28105062,Mohamed Trabelsi,2020-09-02,2021-10-11,Q28105062-D834E0B6-214B-4A67-8FF9-B2C1E53FE7C9
Q282026,Abdelaziz Ben Dhia,1986-07-30,1987-04-04,Q282026-2A7B5032-9EF2-4629-9177-D2B758CF6343
Q2827512,Ahmed Ben Salah,1958-05-06,1961-01-03,Q2827512-F3CF9278-662F-4AFB-86AD-C27FC74F870F
Q2827664,Ahmed Smaoui,1991-02-20,1992-08-03,Q2827664-E3BC3C4C-B0D0-4E57-A319-C8C1177F007C
Q2836180,Ali Chaouch,2005-08-17,2011-01-14,Q2836180-7726B1C1-2B28-448B-9D2B-50C862B4B66C
Q2912277,Hédi M'henni,2001-01-25,2002-04-27,Q2912277-018D703E-72C7-417A-B34E-755C756AB5DF
Q2972023,Chédli Neffati,2002-04-27,2005-08-17,Q2972023-876CCEBF-7A9B-4400-9D0B-026E089ED757
Q2972023,Chédli Neffati,1996-06-13,2001-01-25,Q2972023-F96B96DD-7227-4992-B3EA-07F88CFDA483
Q30104283,Mohamed Fadhel Khelil,1992-08-03,1996-06-13,Q30104283-4C6EF111-DE75-470C-B7B8-458878069368
Q3039490,Driss Guiga,1969-09-08,1969-11-07,Q3039490-8B8D0277-AB1B-40CD-8B3E-BD003C6D0692
Q3196042,Khalil Zaouia,2011-12-24,2014-01-29,Q3196042-3654CE68-60FD-46AF-BC0B-6E8CF52C5351
Q3318530,Mohamed Ennaceur,1974-01-14,1977-12-26,Q3318530-50481046-9EBE-419D-99B3-27E4E8F8C9DF
Q3318530,Mohamed Ennaceur,2011-01-27,2011-12-24,Q3318530-A4AF524A-F653-4D51-AB82-E6273930C52C
Q3318530,Mohamed Ennaceur,1979-11-07,1985-10-23,Q3318530-D0E31F9C-E57C-4AEA-8A4D-63D55F8B7EC9
Q3320454,Moncer Rouissi,2011-01-17,2011-01-27,Q3320454-1E09953D-A47B-40DB-AF5D-59C07DE77FC1
Q3320454,Moncer Rouissi,1989-09-27,1991-02-20,Q3320454-B0BB890B-D1E8-4DBA-8E8B-C7D32E3EF023
Q3320538,Mondher Ben Ammar,1961-01-03,1969-09-08,Q3320538-6C63D2CE-8A16-4087-A8D8-7F36B14BBA54
Q3334747,Naceur El Gharbi,2011-01-14,2011-01-17,Q3334747-8F7A9B37-3538-4CA1-8954-5D4CD13BA3DA
Q3344886,Noureddine Hached,1985-10-23,1986-06-23,Q3344886-3A19ADDD-83B4-4CB4-99F4-317B9B3C97EE
Q3461164,Sadok Ben Jemâa,1969-11-07,1971-10-29,Q3461164-CD1A7FDA-E990-47DD-9448-554B993E3CED
Q54875068,Taoufik Cheikhrouhou,1987-11-07,1989-09-27,Q54875068-E236F13D-993F-4FD4-AD34-9E6F72E7B92D
Q91645255,Habib Kchaou,2020-02-27,2020-09-02,Q91645255-54EEC177-AC27-4B8A-A339-43FE6F043070
